ID,R.A.,Dec.,Morphology,Comment,F115W,SNRF115W,F150W,SNRF150W,F200W,SNRF200W,F277W,SNRF277W,F356W,SNRF356W,F410M,SNRF410M,F444W,SNRF444W,alpha_lambda,alpha_lambda_ERR,M1450,M1450_ERR,EWrest277,EWrest277_ERR,EWrest410,EWrest410_ERR
515,215.106678,52.925811,0,,28.94,5.50,28.56,5.66,28.89,4.64,28.28,8.51,28.44,7.93,27.80,5.86,28.80,4.53,-1.68,0.25,-17.5,0.21,303.59,162.99,562.33,216.05
1485,215.104809,52.927719,1,,26.09,50.85,26.30,30.52,26.21,36.39,25.40,72.42,26.07,47.39,25.35,36.79,25.88,45.02,-1.94,0.14,-20.25,0.11,1045.59,29.4,717.81,38.63
1836,215.104637,52.929068,0,,27.19,20.41,27.29,13.20,27.20,15.83,26.23,38.71,26.75,27.41,26.14,18.80,26.51,26.97,-1.6,0.16,-19.04,0.14,927.55,51.96,543.8,66.33
1953,215.156838,52.966785,1,,28.13,8.59,29.11,2.49,28.41,5.49,27.60,11.66,27.99,9.23,27.29,7.07,27.65,9.59,-1.87,0.33,-18.18,0.3,673.65,150.78,750.27,205.47
2353,214.980334,52.841505,0,,27.69,15.53,27.65,7.95,27.81,10.18,27.00,22.50,27.61,14.74,26.88,12.13,27.24,11.53,-1.95,0.11,-18.74,0.09,911.47,88.69,726.27,117.89
2932,214.973169,52.838012,0,,28.84,5.26,28.54,3.31,29.67,1.46,28.36,5.87,28.72,4.61,27.59,5.64,28.23,4.42,-1.97,0.24,-17.74,0.2,377.75,248.93,1219.12,341.06
3030,215.132246,52.95218,0,,28.78,4.52,28.54,4.09,29.70,1.67,28.18,7.15,28.41,6.01,27.14,7.86,28.16,5.79,-1.74,0.14,-17.68,0.12,290.23,192.23,1449.42,273.76
3420,215.007119,52.863456,1,,29.14,4.51,28.89,3.88,29.32,3.06,27.77,13.68,28.59,7.10,27.46,7.86,28.03,8.53,-1.62,0.33,-17.18,0.27,1693.64,203.0,1422.45,270.6
3714,214.99231,52.853519,0,,28.86,4.19,27.81,7.73,28.32,5.57,27.76,11.05,28.21,8.14,27.54,5.82,27.70,8.59,-1.71,0.55,-17.93,0.46,463.26,140.05,420.28,192.9
4010,214.878935,52.772523,0,,28.12,7.35,28.21,5.68,27.88,8.94,27.48,13.11,28.04,7.74,27.20,8.68,28.03,6.72,-1.89,0.17,-18.31,0.14,679.76,134.51,728.54,165.0
4096,215.087338,52.922263,0,,27.81,11.47,27.56,10.51,27.51,12.51,26.44,35.45,27.02,24.26,26.25,19.41,26.82,20.83,-1.38,0.08,-18.5,0.06,1011.0,59.09,642.9,69.37
4150,215.142514,52.961921,0,,27.96,11.86,28.29,6.18,27.76,11.46,27.19,19.36,28.12,9.25,27.19,9.21,27.59,11.78,-2.03,0.3,-18.45,0.25,1312.58,123.79,859.45,169.66
4953,214.975654,52.84417,0,,28.27,10.25,28.64,3.56,28.47,6.11,27.27,18.14,27.79,12.67,26.92,11.91,27.20,13.32,-1.51,0.34,-17.78,0.29,1108.07,120.81,994.32,142.54
5347,214.875586,52.77285,1,,30.07,1.37,28.61,4.34,30.88,0.62,28.00,8.62,28.28,6.65,27.63,6.10,28.09,6.97,-1.65,0.0,-17.66,0.0,402.85,172.54,518.37,200.24
5527,214.875491,52.773123,0,,30.12,1.25,28.71,3.74,28.80,4.00,27.72,10.89,28.18,7.17,27.52,6.65,28.30,5.45,-1.37,0.31,-17.29,0.3,860.47,178.6,542.9,187.37
5712,215.133609,52.958543,0,,30.24,1.71,30.31,1.11,29.24,3.47,28.62,6.51,29.29,3.81,27.80,6.24,29.44,2.49,-2.07,0.0,-17.28,0.0,899.43,304.63,2087.87,447.21
5808,215.134242,52.959434,1,,29.37,3.56,30.88,0.61,29.08,3.73,27.61,14.54,28.62,6.80,27.51,7.27,27.99,8.82,-1.39,0.07,-16.9,0.06,2042.29,214.99,1137.68,253.21
5905,214.811038,52.727328,0,,28.92,3.64,28.32,5.32,29.60,1.94,27.99,8.80,28.33,6.55,27.61,6.01,27.92,7.71,-1.64,0.4,-17.66,0.34,393.83,167.92,519.18,203.32
6058,215.087717,52.926727,0,,29.04,3.71,29.08,2.59,28.41,5.17,27.61,11.95,28.54,6.05,27.52,5.82,28.09,6.48,-1.59,0.37,-17.45,0.34,1335.62,202.5,803.76,258.96
6585,214.809215,52.72733,1,,27.50,11.87,27.53,10.66,27.77,9.67,26.69,26.59,27.37,13.69,26.73,12.67,27.04,16.65,-1.9,0.22,-18.84,0.18,1195.57,85.73,675.98,108.82
6678,215.146795,52.970107,0,,27.43,15.27,27.30,12.19,27.26,14.33,26.64,24.45,26.89,23.04,26.14,18.09,26.48,25.99,-1.57,0.06,-18.9,0.05,417.52,61.41,653.28,75.0
7161,215.090931,52.931348,0,,27.57,13.73,28.04,6.81,27.65,11.05,27.09,19.60,27.79,11.99,26.76,11.68,27.18,15.11,-2.06,0.28,-18.75,0.23,980.62,105.34,1138.8,157.68
7707,215.0935,52.934269,1,,28.84,6.17,28.89,4.06,29.18,3.09,27.72,14.78,28.25,10.33,27.59,7.26,28.26,7.23,-1.51,0.39,-17.29,0.33,1215.13,155.56,747.33,199.71
8146,214.943927,52.827939,0,,29.01,4.53,29.30,1.76,28.60,4.80,27.89,8.85,28.29,6.88,27.67,5.18,28.92,2.51,-1.41,0.06,-17.31,0.06,621.22,192.68,415.38,215.87
8156,214.87089,52.775277,0,,28.87,4.03,28.92,3.18,28.59,5.03,27.28,15.37,27.84,9.02,27.19,8.29,27.59,10.82,-1.09,0.2,-17.19,0.17,1199.08,148.5,512.46,146.72
8477,214.862472,52.769952,0,,28.13,8.65,28.09,7.47,28.66,4.40,27.78,11.28,29.02,3.59,27.35,8.20,28.15,7.09,-2.8,0.19,-18.63,0.16,1910.78,265.59,2992.52,450.53
8512,215.141389,52.970196,0,,28.71,4.83,28.16,5.47,27.90,7.88,26.90,19.94,27.17,17.86,26.55,12.80,26.94,16.85,-0.79,0.12,-17.52,0.1,582.32,83.56,322.76,80.16
8596,215.090661,52.934111,1,,27.45,18.83,27.52,10.74,27.78,10.84,26.46,38.66,26.99,27.63,26.32,19.99,26.78,21.14,-1.61,0.35,-18.72,0.29,1136.78,57.44,746.43,72.54
8614,215.101217,52.941741,0,,28.48,6.76,28.13,6.39,29.14,2.89,28.07,8.03,28.52,6.01,27.48,6.02,27.99,7.24,-2.13,0.31,-18.19,0.27,436.19,189.32,1074.23,295.47
8808,215.002067,52.871104,1,,28.51,7.06,28.29,5.91,28.31,6.52,27.74,12.77,28.03,10.62,27.26,8.34,27.57,11.46,-1.64,0.08,-17.89,0.06,424.89,118.12,659.33,163.34
8853,215.037222,52.896447,0,,28.35,9.51,28.84,4.29,28.81,5.14,28.40,7.56,28.57,7.39,27.66,6.23,28.60,5.38,-2.08,0.3,-17.88,0.25,319.7,185.74,1145.87,296.89
9207,215.008961,52.87667,0,,25.14,77.25,25.16,54.12,24.88,74.24,23.62,169.77,24.60,102.93,23.19,130.26,23.72,204.91,-1.52,0.09,-21.13,0.08,1862.9,17.36,1731.54,18.69
9208,215.008927,52.876808,0,,27.23,21.71,27.09,17.22,27.25,16.64,26.13,42.01,27.34,17.96,25.97,23.02,26.54,28.47,-2.14,0.1,-19.35,0.09,2100.97,75.81,1780.5,107.89
9733,214.870221,52.777566,0,,28.36,5.40,28.75,3.10,28.20,5.91,27.75,8.11,28.21,5.57,27.44,5.46,28.08,5.73,-1.75,0.3,-17.88,0.25,628.67,211.18,671.81,251.81
10232,214.885095,52.789781,0,,28.23,11.47,28.93,4.12,28.54,7.41,27.64,18.43,27.92,13.13,27.25,11.89,27.48,15.54,-1.56,0.49,-17.71,0.41,693.85,96.48,733.95,120.92
10297,215.079834,52.929811,1,,28.07,10.42,27.96,8.35,28.08,8.57,27.33,17.08,28.20,9.31,27.20,8.40,28.06,7.57,-2.14,0.09,-18.5,0.07,1220.1,134.89,1063.33,210.37
10570,214.848944,52.764355,1,,27.94,9.03,27.82,8.50,28.39,6.04,26.98,20.96,27.88,9.00,26.73,12.56,27.01,17.84,-2.01,0.35,-18.47,0.29,1712.8,133.45,1587.12,182.35
10785,215.149996,52.9809,0,,28.75,6.02,28.63,4.70,28.74,4.87,27.77,13.56,28.62,6.92,27.44,6.68,27.81,10.03,-1.92,0.08,-17.72,0.06,1342.81,178.97,1374.0,311.15
10813,214.872951,52.782156,0,,27.07,15.37,27.51,9.30,27.19,14.26,26.34,28.01,27.07,14.49,26.25,15.11,26.49,23.67,-1.88,0.27,-19.16,0.22,1199.74,81.53,845.18,102.5
10856,214.880799,52.787943,1,,27.87,11.03,27.48,11.07,27.86,10.37,27.12,19.84,27.24,19.50,26.61,16.74,26.98,17.56,-1.58,0.29,-18.51,0.24,318.26,70.69,571.76,76.18
10997,214.919714,52.816233,0,,26.24,56.00,26.07,33.30,25.89,52.86,25.27,84.12,25.55,74.63,24.82,61.26,25.27,69.72,-1.44,0.01,-20.08,0.01,446.81,18.2,557.86,20.58
11199,215.075596,52.928637,1,,28.14,9.48,27.98,7.81,28.00,8.80,27.18,21.40,27.62,16.48,27.01,10.96,27.70,10.18,-1.59,0.09,-18.2,0.07,707.68,83.71,495.47,109.32
11921,214.872115,52.783941,0,,27.93,9.50,28.27,5.79,28.14,7.53,27.21,11.77,27.66,10.25,26.96,9.65,27.44,12.41,-1.69,0.28,-18.22,0.24,853.36,164.65,728.84,148.43
12076,215.032302,52.899471,0,,27.44,17.96,27.85,8.71,28.30,6.57,27.27,16.98,28.20,8.72,27.42,6.88,27.66,10.32,-2.59,0.32,-18.98,0.26,1590.95,157.53,1110.37,263.62
12406,214.943865,52.836699,1,,28.72,7.27,28.17,5.93,28.99,3.98,28.14,8.43,28.26,8.55,27.43,7.41,27.81,8.28,-1.79,0.5,-17.76,0.42,335.35,168.26,949.03,223.07
12564,214.867544,52.782031,1,,28.45,5.90,28.60,4.23,28.70,4.51,27.33,13.28,27.73,8.67,27.09,7.97,27.74,9.29,-1.37,0.38,-17.59,0.32,1008.62,157.53,693.35,175.24
12565,214.819109,52.747029,0,,29.10,3.47,28.43,5.25,28.65,4.70,28.13,7.87,28.34,6.59,27.64,6.00,28.54,4.75,-1.52,0.3,-17.45,0.25,287.52,174.19,501.44,200.75
13225,214.946385,52.840202,0,,27.89,11.72,28.06,4.87,28.67,4.00,27.65,9.40,27.77,9.78,27.12,7.11,27.99,5.16,-1.91,0.54,-18.3,0.45,488.26,167.22,911.91,227.1
13411,215.113968,52.960601,0,,26.92,30.16,27.05,19.27,26.95,23.77,26.34,39.35,27.13,23.15,26.15,22.72,26.80,24.43,-2.14,0.08,-19.56,0.07,1069.09,54.71,1031.2,76.35
13556,214.88381,52.795799,1,,28.26,11.91,29.10,2.78,28.91,4.67,28.28,9.50,28.72,7.14,27.92,5.86,28.83,3.56,-2.37,0.41,-18.16,0.38,646.88,182.25,1044.43,298.4
13579,215.052706,52.917216,0,,28.60,5.32,28.89,3.03,29.33,2.28,28.32,6.84,28.91,4.52,27.64,5.66,28.28,5.35,-2.19,0.19,-17.81,0.16,767.66,270.89,1693.7,423.25
14098,214.946069,52.84162,0,,27.08,26.39,27.40,10.04,27.13,18.11,26.21,36.32,26.82,25.09,26.00,22.29,26.41,25.11,-1.69,0.23,-19.11,0.2,1056.44,58.93,815.95,68.17
14541,215.079778,52.938282,0,,24.95,85.76,24.97,62.59,24.93,73.06,24.03,146.29,24.52,119.39,23.77,97.15,24.20,127.59,-1.63,0.13,-21.32,0.1,834.28,13.11,705.98,14.51
14568,214.845279,52.770072,0,,28.35,6.43,28.26,5.76,28.77,4.28,28.14,7.41,28.97,3.48,27.44,7.22,28.48,4.71,-2.59,0.19,-18.35,0.16,1067.01,290.34,2505.87,444.67
14905,214.987486,52.873114,0,,27.53,14.91,27.57,11.26,27.43,14.59,26.56,34.02,26.70,35.36,25.69,33.27,25.97,49.13,-1.28,0.2,-18.58,0.17,450.74,45.11,1077.34,53.53
15637,214.872192,52.791454,0,,28.44,5.64,28.76,3.44,28.51,5.02,27.33,14.95,28.52,5.05,27.50,6.34,28.00,6.91,-1.98,0.19,-17.89,0.15,2255.0,223.41,1133.9,289.58
15638,214.87201,52.791386,0,,27.54,13.18,27.83,8.25,27.52,12.52,26.76,24.90,27.35,15.24,26.70,13.62,27.12,15.87,-1.76,0.2,-18.71,0.17,935.89,81.12,583.83,94.5
15916,214.986656,52.874391,0,,26.31,31.12,26.48,19.59,26.30,25.62,25.80,44.53,26.01,42.35,25.38,29.04,25.80,36.50,-1.7,0.15,-19.95,0.12,372.11,32.69,562.87,43.6
16659,214.985128,52.874703,0,,27.99,10.19,28.14,6.45,28.14,7.37,27.23,19.39,27.46,17.85,26.74,13.12,27.22,15.05,-1.52,0.27,-18.15,0.22,568.38,85.23,747.25,110.58
16980,214.985369,52.87561,1,,28.62,6.29,28.48,5.14,28.12,8.22,27.20,21.46,27.36,20.77,26.58,16.51,27.00,20.09,-0.94,0.11,-17.47,0.09,478.05,72.79,590.87,78.36
17003,214.981193,52.872693,0,,28.05,9.26,27.95,7.21,28.15,7.02,27.62,9.41,27.85,11.76,26.92,9.96,27.67,9.36,-1.87,0.15,-18.36,0.12,367.44,154.24,1019.99,173.05
17233,215.065472,52.93348,0,,31.61,0.34,28.52,4.14,28.75,3.93,27.54,13.43,27.86,12.00,27.15,8.88,27.68,9.06,-1.19,0.52,-17.3,0.5,741.49,135.89,619.21,148.91
17384,215.090514,52.951722,0,,28.13,8.68,27.94,7.53,27.66,11.27,26.84,26.13,27.32,18.21,26.57,14.94,27.02,17.60,-1.33,0.05,-18.17,0.05,766.42,70.81,554.01,84.15
17981,214.979481,52.873394,0,,29.09,3.74,28.25,5.77,28.63,4.71,27.98,9.70,28.32,8.08,27.42,6.64,27.82,8.53,-1.56,0.41,-17.54,0.34,433.53,156.43,726.43,215.4
17988,214.840521,52.773299,1,,28.50,6.48,29.65,1.86,28.35,6.92,27.93,10.01,28.69,4.77,27.79,5.20,28.18,7.23,-2.16,0.23,-18.09,0.21,895.72,197.74,820.17,292.88
17994,215.01987,52.902387,0,,28.98,4.76,28.44,5.48,29.04,3.71,27.35,16.63,27.97,10.88,27.04,10.33,28.05,7.82,-1.31,0.47,-17.3,0.39,1403.92,149.58,1030.43,167.85
18288,215.109954,52.967381,0,,28.50,8.54,28.73,4.79,28.70,5.67,27.67,14.27,28.69,6.56,27.74,6.18,28.37,6.68,-2.11,0.12,-17.89,0.1,1752.11,198.72,1081.21,288.58
18535,214.934798,52.842258,1,,27.18,26.95,27.04,14.81,27.10,20.18,26.49,32.63,26.93,25.48,26.19,21.25,26.71,20.00,-1.82,0.07,-19.26,0.06,605.34,51.77,659.55,64.12
18792,214.943746,52.849225,0,,28.31,8.43,28.39,3.77,28.24,6.01,27.11,16.00,28.33,6.28,26.88,9.17,27.45,9.00,-1.98,0.08,-18.13,0.07,2188.27,204.46,1897.46,283.66
18977,214.818554,52.758978,0,,27.98,7.57,28.38,4.40,27.92,7.90,27.15,15.86,27.65,10.08,27.02,8.27,27.42,10.69,-1.6,0.29,-18.16,0.24,853.47,122.13,550.05,151.53
19005,214.943535,52.849026,0,,25.88,66.66,25.72,39.56,25.54,60.91,24.35,143.03,25.22,88.50,24.00,105.66,24.52,118.88,-1.46,0.01,-20.45,0.01,1542.44,18.36,1298.76,18.95
19006,214.943289,52.849186,0,,26.87,24.16,26.91,11.67,26.67,19.81,25.72,45.68,26.11,37.82,25.49,28.04,25.76,33.45,-1.33,0.15,-19.29,0.12,760.33,40.38,503.04,43.02
19099,215.109014,52.968309,0,,29.01,5.97,28.63,5.92,29.24,3.88,28.58,7.16,29.42,3.86,27.80,6.69,29.36,3.04,-2.48,0.31,-17.77,0.26,1051.66,298.11,2594.71,493.33
19172,214.976312,52.873415,1,,29.57,2.74,28.99,3.37,29.21,2.84,28.48,7.10,28.59,7.18,27.70,6.13,28.08,7.82,-1.58,0.0,-17.24,0.0,207.64,181.85,809.77,247.0
19286,214.947991,52.853277,0,,28.73,6.35,29.91,1.06,28.71,4.46,28.11,7.48,28.29,7.76,27.59,5.94,27.94,6.48,-1.64,0.18,-17.57,0.17,351.54,191.81,637.6,225.59
19377,214.950919,52.855529,0,,27.75,16.30,28.55,3.93,27.77,10.85,27.03,21.79,27.92,11.62,26.72,13.37,27.18,13.88,-1.91,0.5,-18.4,0.42,1446.91,116.15,1415.95,158.53
19666,214.950315,52.855702,1,,27.79,13.81,28.91,2.59,27.92,8.80,27.14,19.27,28.03,9.61,27.12,9.30,27.37,10.67,-2.2,0.01,-18.72,0.01,1294.49,123.42,968.55,179.7
19772,214.941933,52.849882,0,,27.63,16.23,27.99,5.77,27.88,8.78,26.86,22.95,27.97,9.81,26.95,10.17,27.60,8.28,-2.2,0.17,-18.76,0.14,1929.68,131.33,1212.15,188.4
19798,214.966058,52.867321,0,,29.52,3.65,32.50,0.17,29.38,3.46,28.70,7.98,29.27,5.19,27.87,6.68,29.34,3.15,-1.79,0.02,-16.89,0.02,805.07,236.73,1756.15,368.2
19799,214.954428,52.858917,0,,26.68,34.31,26.81,14.99,26.73,22.13,26.10,41.56,26.69,29.17,25.96,23.13,26.43,21.34,-1.98,0.08,-19.72,0.07,835.48,46.19,697.88,60.57
19915,214.868841,52.797481,1,,26.39,38.55,26.29,34.41,26.18,41.07,25.28,90.73,26.09,48.32,25.18,53.44,25.57,66.48,-1.76,0.04,-20.03,0.03,1238.57,25.6,830.28,28.69
19945,214.989806,52.884632,0,,27.39,17.76,27.49,11.21,27.55,13.12,26.78,27.85,27.40,18.01,26.66,13.92,27.18,14.83,-1.99,0.1,-19.0,0.09,930.42,72.32,745.2,104.05
20084,215.081151,52.950385,0,,28.71,5.32,28.70,4.02,29.00,3.55,28.05,8.53,28.97,4.40,27.73,5.12,28.49,4.88,-2.25,0.13,-17.81,0.11,1457.59,297.78,1670.98,463.96
20113,214.988395,52.883928,0,,27.91,10.93,27.75,9.16,27.67,11.37,27.22,16.45,28.32,7.70,27.23,7.95,27.57,10.87,-2.37,0.29,-18.85,0.24,1352.75,148.09,1066.15,222.49
20345,214.928513,52.841428,1,,27.59,20.28,27.96,7.22,27.58,13.74,26.92,20.68,28.46,6.40,26.71,11.37,27.57,10.35,-2.62,0.34,-19.06,0.28,2492.5,172.96,2726.6,301.64
20516,215.101771,52.965941,1,,28.58,7.07,29.73,1.77,28.88,4.31,27.84,12.47,28.51,7.19,27.67,6.39,28.08,8.07,-1.93,0.31,-17.75,0.29,1149.53,179.13,951.35,258.97
20609,214.959483,52.864179,0,,29.93,2.24,28.93,4.03,28.84,5.08,28.28,9.65,28.63,8.09,28.00,5.66,28.53,5.80,-1.68,0.01,-17.35,0.01,495.68,163.7,500.8,212.83
22282,214.80872,52.75883,0,,27.61,11.50,27.84,7.11,27.63,11.16,26.81,21.99,27.16,16.62,26.51,14.22,26.85,17.73,-1.55,0.22,-18.54,0.18,661.7,79.37,600.19,91.64
22428,215.080473,52.95438,0,,25.47,57.59,25.48,37.71,25.35,53.25,24.46,98.05,25.03,75.92,24.29,58.69,24.72,75.47,-1.62,0.08,-20.83,0.06,940.4,20.65,664.89,23.31
22429,215.080198,52.954384,0,,26.50,28.04,26.51,19.75,26.44,24.97,25.73,45.67,26.31,32.51,25.65,23.20,26.01,31.47,-1.83,0.04,-19.88,0.03,842.54,42.18,563.58,54.61
22496,215.080487,52.954761,0,,29.97,1.71,28.77,3.71,28.98,3.51,27.31,17.46,28.19,8.66,27.30,7.77,28.28,5.80,-1.3,0.47,-17.14,0.45,1890.02,170.37,871.34,202.66
22576,215.134456,52.993442,0,,28.35,7.31,28.50,4.62,29.29,2.52,27.02,23.21,27.74,13.57,27.04,10.32,27.45,12.10,-1.42,0.25,-17.82,0.22,1330.05,103.98,577.6,124.13
22779,214.798881,52.7528,0,,31.17,0.54,31.13,0.47,28.99,3.88,28.50,6.12,28.95,4.14,27.89,5.15,28.59,4.85,-1.95,0.0,-17.44,0.0,575.8,271.21,1156.73,361.14
22891,214.876649,52.809179,1,,27.92,13.04,27.74,7.96,27.63,12.29,26.20,45.95,27.71,14.14,26.14,23.63,26.79,19.14,-1.85,0.13,-18.6,0.11,3127.55,91.65,2045.19,116.32
23182,214.931803,52.849494,0,,28.65,7.05,28.66,3.45,28.12,7.92,27.24,17.22,27.82,11.49,27.00,10.37,27.38,11.24,-1.25,0.18,-17.56,0.15,962.72,118.87,607.61,126.47
23295,214.856205,52.795262,0,,28.80,4.17,28.52,4.37,28.41,5.46,27.96,8.34,28.13,7.15,27.34,7.19,27.97,7.24,-1.48,0.08,-17.59,0.07,277.59,163.18,625.23,184.75
23416,214.874439,52.808609,0,,29.06,5.09,28.96,2.93,28.84,4.51,28.22,9.20,28.59,7.30,27.64,6.99,28.24,5.66,-1.62,0.01,-17.3,0.01,547.28,177.38,897.84,229.21
24074,215.027878,52.920173,0,,27.95,11.12,28.10,6.84,27.58,11.99,26.81,26.52,27.52,17.04,26.76,12.96,27.18,15.89,-1.56,0.22,-18.33,0.18,1073.15,81.33,576.45,98.76
24731,214.777191,52.740898,0,,28.41,6.20,28.22,6.23,28.92,3.69,28.10,8.63,28.87,4.22,27.76,5.42,28.75,3.85,-2.48,0.31,-18.24,0.26,1088.13,251.69,1528.43,411.58
24941,214.801993,52.759359,0,,28.79,4.39,29.61,1.76,29.16,3.09,27.90,9.30,28.63,4.64,27.66,5.46,27.99,7.88,-1.86,0.43,-17.48,0.39,1386.09,265.54,1206.02,349.43
25006,214.866909,52.806182,0,,26.29,42.61,25.93,30.16,25.92,42.77,24.91,99.15,25.41,79.06,24.45,74.26,24.88,79.63,-1.33,0.12,-20.04,0.1,866.08,19.67,872.48,21.22
25007,214.866941,52.806349,0,,26.72,24.69,26.55,14.98,26.62,19.73,25.97,38.05,26.40,30.24,25.66,23.80,26.06,23.60,-1.77,0.08,-19.71,0.07,610.05,44.51,655.04,57.08
25455,214.868154,52.808137,0,,27.42,15.11,27.43,7.88,28.13,5.78,27.27,14.61,27.38,14.66,26.71,11.07,27.33,8.58,-2.02,0.49,-18.89,0.41,381.07,100.26,894.62,144.36
26205,214.871661,52.812308,0,,27.65,16.41,27.68,8.36,27.62,12.20,26.71,30.69,27.51,17.33,26.58,16.51,26.92,16.81,-1.88,0.04,-18.75,0.03,1274.07,76.83,950.78,100.2
26330,215.011997,52.91352,0,,27.74,12.88,28.21,5.85,28.49,5.26,28.06,8.36,28.32,6.61,27.60,5.87,28.38,5.01,-2.41,0.32,-18.6,0.27,396.49,176.97,970.31,285.33
26615,214.925367,52.851852,0,,26.47,30.86,26.58,13.83,26.51,20.81,25.80,39.69,26.32,28.96,25.64,23.15,26.03,22.94,-1.85,0.1,-19.87,0.08,792.29,47.27,640.59,58.05
27017,214.771405,52.741849,0,,28.18,7.05,29.39,1.99,28.35,5.78,27.71,12.21,28.43,6.24,26.93,11.65,27.56,10.78,-2.2,0.05,-18.32,0.04,985.89,169.5,2229.62,251.71
27189,214.981413,52.893636,0,,26.98,33.02,27.06,22.60,26.96,28.30,26.22,48.37,26.80,35.59,26.02,31.93,26.48,38.60,-1.82,0.08,-19.37,0.06,875.3,40.5,748.44,45.46
27217,215.005097,52.910815,0,,28.67,6.20,29.18,2.72,28.42,6.41,27.47,16.51,28.15,10.16,27.14,10.33,28.54,4.92,-1.57,0.0,-17.68,0.0,1094.07,131.95,979.68,162.89
27419,215.000176,52.907743,1,,27.08,23.61,27.39,12.52,27.11,18.67,25.85,59.28,26.57,34.64,25.13,51.35,25.55,68.01,-1.48,0.28,-19.01,0.23,1464.42,42.99,2030.47,53.24
27585,214.77326,52.744629,1,,28.07,8.22,27.89,8.32,28.06,7.44,27.30,17.93,28.12,8.71,27.17,9.92,27.47,12.25,-2.09,0.12,-18.5,0.1,1141.39,124.08,969.12,168.5
27735,214.870279,52.815183,0,,28.85,7.35,29.07,3.47,29.36,3.39,28.53,7.78,29.51,3.35,27.97,5.45,29.00,3.70,-2.54,0.12,-17.7,0.1,1498.38,331.9,2598.18,605.41
28212,214.769731,52.743675,0,,28.63,4.08,28.50,3.88,29.15,2.49,27.84,8.80,28.71,3.92,27.42,6.02,27.76,7.65,-2.11,0.13,-17.93,0.11,1238.09,263.97,1595.48,381.72
28511,214.863104,52.811643,0,,25.82,65.25,25.72,49.53,25.59,65.94,24.74,127.04,25.22,94.46,24.48,90.19,24.83,112.16,-1.5,0.04,-20.48,0.03,786.94,14.73,613.63,14.6
28837,214.858199,52.80921,0,,27.80,16.58,27.85,10.53,27.38,19.76,26.89,33.51,27.45,20.81,26.66,19.76,27.05,21.92,-1.66,0.21,-18.57,0.17,726.17,54.02,596.33,65.78
29575,214.938924,52.869332,0,,28.91,5.17,29.10,2.58,28.96,3.92,28.45,6.67,28.94,4.96,27.76,5.39,28.34,5.17,-2.02,0.04,-17.55,0.03,626.93,256.61,1418.69,393.51
29848,214.793753,52.764697,1,,28.51,6.90,28.26,6.74,28.21,9.01,27.80,8.52,28.36,5.39,27.60,5.31,28.01,8.47,-1.92,0.17,-18.07,0.14,621.36,200.16,600.68,245.62
30067,214.854449,52.809516,0,,26.42,36.29,26.35,32.02,26.28,37.56,25.73,61.46,26.09,45.80,25.48,38.94,25.86,50.41,-1.73,0.01,-19.96,0.01,514.3,26.0,494.95,30.77
30793,214.798939,52.771299,0,,28.19,7.63,28.16,6.68,28.41,6.16,27.74,12.64,28.38,6.12,27.65,6.35,27.98,7.93,-2.19,0.11,-18.33,0.09,876.48,155.1,762.68,230.93
30863,214.900222,52.844553,1,,28.18,8.54,28.23,6.89,29.72,2.07,27.72,14.60,29.06,4.26,27.28,10.27,28.06,8.07,-2.76,0.13,-18.56,0.11,2113.65,219.01,3249.54,384.88
30878,214.97676,52.898899,0,,25.71,50.17,25.58,39.80,25.29,48.02,24.45,101.44,24.74,97.22,24.02,78.27,24.29,130.42,-1.19,0.06,-20.48,0.05,584.05,16.44,536.5,15.84
31313,214.99325,52.905095,0,,23.46,50.88,23.63,31.31,23.47,40.97,22.77,76.12,23.51,47.39,22.64,43.48,23.13,49.62,-2.0,0.1,-22.94,0.09,1062.18,28.19,874.95,36.29
32230,214.85279,52.813472,0,,28.22,7.80,29.01,3.13,28.89,3.99,27.27,16.57,28.41,6.04,26.93,10.56,27.32,14.85,-1.98,0.51,-17.82,0.42,2693.59,227.99,2633.14,316.07
32653,214.913951,52.858489,0,,27.65,13.35,27.35,13.14,27.32,15.27,26.08,49.36,26.76,32.48,25.97,25.51,26.35,32.89,-1.31,0.1,-18.65,0.08,1249.52,47.27,656.23,53.3
33116,214.798731,52.776409,0,,27.44,12.23,27.36,10.97,27.45,11.73,26.70,22.30,27.25,12.78,26.43,13.23,26.73,19.45,-1.87,0.08,-18.98,0.07,805.65,84.72,813.03,114.65
33117,214.798518,52.776436,1,,27.63,10.96,27.28,11.03,27.50,12.05,26.17,39.36,26.80,20.62,25.57,31.50,26.07,33.59,-1.39,0.24,-18.67,0.2,1232.14,58.84,1452.39,68.44
33377,214.908222,52.856329,0,,28.77,7.21,28.78,5.51,28.75,6.55,28.08,14.05,28.88,6.68,27.82,8.15,28.39,7.86,-2.09,0.05,-17.74,0.04,1097.98,155.31,1157.7,228.21
33612,214.96409,52.89702,0,,28.42,7.21,28.54,4.46,28.47,5.47,27.95,9.69,29.04,4.14,27.76,5.24,28.36,5.30,-2.5,0.16,-18.24,0.14,1452.15,261.65,1575.4,434.52
33656,214.963817,52.896885,0,,26.68,32.67,26.74,21.84,26.72,25.68,25.97,49.24,26.60,33.80,25.89,26.04,26.19,36.50,-1.92,0.06,-19.71,0.05,922.08,40.74,665.8,52.58
33948,214.988837,52.91555,0,,28.14,9.96,29.59,1.58,28.25,7.21,27.77,12.23,28.47,7.18,27.44,7.58,27.75,8.65,-2.27,0.04,-18.41,0.04,862.06,159.07,1159.53,245.73
34201,214.751907,52.745467,0,,29.75,1.82,28.50,4.74,27.97,8.60,27.45,15.05,28.41,5.76,27.41,6.66,27.60,10.87,-2.02,0.6,-18.19,0.57,1298.4,158.25,901.14,240.87
34558,214.752824,52.747128,1,,28.57,6.09,27.79,10.22,27.92,10.05,27.48,16.82,28.37,6.85,27.02,11.23,27.74,10.62,-2.0,0.5,-18.31,0.42,944.32,120.55,1307.04,179.06
34663,214.938119,52.88119,0,,28.02,11.69,28.31,6.35,28.25,7.58,27.21,18.63,28.20,9.11,27.24,8.13,27.50,13.35,-2.09,0.15,-18.34,0.13,1720.68,150.57,1122.83,224.7
34734,214.843439,52.813198,0,,28.88,4.23,28.25,6.13,28.44,5.87,27.99,8.75,28.64,4.93,27.64,5.71,27.86,8.80,-1.95,0.36,-17.87,0.3,696.93,203.62,864.78,274.72
34752,214.907635,52.857646,1,,27.08,17.59,27.41,10.17,27.41,11.55,26.38,30.83,26.78,23.54,26.17,18.19,26.50,23.59,-1.67,0.34,-19.03,0.28,842.03,62.47,666.06,75.27
34928,214.747913,52.744487,0,,27.37,14.93,27.36,12.32,27.13,17.17,26.24,40.31,27.07,17.83,26.15,20.13,26.61,24.68,-1.73,0.08,-19.02,0.07,1305.18,59.27,841.13,76.71
34929,214.747897,52.744565,0,,27.95,10.18,27.82,9.41,27.55,13.14,26.58,34.19,27.11,19.56,26.37,18.42,26.74,25.49,-1.29,0.04,-18.29,0.03,918.17,58.55,564.21,68.82
35421,214.960585,52.899515,0,,28.67,7.02,29.31,2.74,28.49,6.64,28.07,10.47,29.51,3.18,27.83,5.92,28.50,5.81,-2.7,0.55,-18.18,0.51,1979.87,292.5,2367.24,518.31
35867,214.79242,52.779502,0,,27.57,11.38,27.23,14.27,27.27,16.03,26.76,24.61,27.66,10.36,26.29,17.83,26.89,19.45,-2.16,0.27,-19.15,0.22,1078.86,87.88,1567.27,127.31
36259,214.745158,52.746324,0,,28.35,6.96,28.29,6.20,28.58,5.27,27.60,13.62,28.26,6.83,27.31,7.76,28.24,6.44,-1.96,0.19,-18.06,0.16,1080.7,158.95,1105.93,233.26
37185,214.790893,52.78212,0,,28.30,8.59,28.27,7.39,29.81,2.09,28.15,8.96,28.88,4.33,27.81,5.57,28.02,9.34,-2.52,0.14,-18.38,0.12,807.92,211.02,1267.94,353.64
37833,214.86708,52.839068,0,,28.40,5.21,29.05,2.41,29.77,1.39,28.09,9.73,29.08,3.65,27.74,6.21,28.04,6.09,-2.55,0.0,-18.21,0.0,1367.17,251.97,1897.12,418.86
38442,214.811384,52.800549,1,,27.98,8.32,28.16,5.60,27.72,9.56,27.23,22.50,28.23,8.78,27.09,12.36,27.77,8.05,-2.14,0.29,-18.55,0.24,1329.33,107.24,1158.68,150.65
38468,214.731451,52.742738,1,,27.11,20.90,27.19,16.31,27.28,17.02,26.69,32.02,27.33,17.17,26.44,18.62,26.77,24.09,-2.18,0.04,-19.38,0.03,852.23,60.46,970.02,89.88
38779,214.799652,52.793123,0,,28.63,5.51,28.96,3.24,29.48,2.41,28.03,9.60,28.30,6.89,27.65,6.19,28.39,5.47,-1.63,0.35,-17.54,0.3,487.66,163.69,585.48,208.31
39092,214.725934,52.740595,0,,28.50,6.66,28.59,5.12,28.48,6.57,28.07,11.35,28.23,8.94,27.53,8.05,28.21,7.28,-1.74,0.1,-17.8,0.09,274.13,119.62,634.24,166.13
39300,214.908068,52.872806,0,,28.46,6.81,29.91,1.31,31.15,0.49,28.66,5.74,28.87,5.22,27.56,6.81,28.90,3.31,-2.33,0.0,-18.09,0.0,161.93,217.14,1749.58,360.18
39385,214.821825,52.810839,0,,28.46,6.60,28.78,4.09,29.31,2.91,28.53,6.18,28.93,3.89,27.72,6.15,28.95,3.50,-2.33,0.18,-18.0,0.15,436.64,246.21,1588.42,372.43
40090,214.900853,52.869722,0,,27.74,12.11,28.16,6.14,28.23,6.57,27.44,15.98,27.92,11.30,27.28,7.82,27.78,8.69,-2.07,0.3,-18.51,0.25,815.37,118.87,760.35,187.21
40288,214.922588,52.885888,0,,27.86,12.11,27.87,8.61,27.89,9.95,27.10,17.95,27.96,11.04,26.72,12.69,27.34,14.00,-2.08,0.01,-18.64,0.01,1250.3,130.02,1500.83,173.66
40319,214.897231,52.867748,0,,28.63,5.52,28.62,4.02,28.52,6.52,27.73,12.64,28.79,5.46,27.61,5.87,27.76,8.86,-2.13,0.12,-17.93,0.1,1564.79,209.58,1304.6,342.05
40359,214.871527,52.849359,0,,29.85,2.36,29.16,3.77,29.93,2.11,28.54,8.41,29.11,4.80,28.11,5.78,29.61,2.51,-1.94,0.0,-17.26,0.0,763.7,219.74,1043.59,302.04
40613,214.837006,52.825073,0,,30.96,0.75,30.09,1.38,29.34,3.27,28.24,9.27,28.55,6.30,27.71,6.91,28.77,4.65,-0.76,0.0,-16.06,0.0,698.31,192.32,585.53,186.43
40860,214.976099,52.925741,0,,28.46,7.07,28.46,4.97,28.46,5.61,27.50,15.25,28.63,6.36,27.71,5.87,28.13,6.74,-2.14,0.05,-18.07,0.04,1823.94,190.67,922.57,277.02
41146,214.811258,52.808003,0,,28.75,4.16,27.78,8.75,28.97,3.49,28.12,8.75,28.29,6.96,27.68,5.91,28.41,4.88,-1.91,0.7,-17.95,0.59,315.97,159.96,627.5,225.16
42112,214.736882,52.756898,0,,27.95,8.73,28.20,5.86,28.43,5.49,27.59,13.49,27.89,9.23,27.05,9.55,27.86,8.01,-1.92,0.33,-18.28,0.27,603.44,125.1,1051.1,183.68
42197,214.954242,52.91398,1,,29.00,5.32,28.57,5.55,28.62,5.96,28.01,9.67,28.60,7.00,27.56,7.00,28.30,7.14,-1.76,0.21,-17.57,0.17,749.81,189.54,957.62,237.13
42335,214.772977,52.78369,0,,29.00,3.44,30.02,1.12,29.94,1.37,27.82,9.28,28.33,5.13,27.55,5.58,28.15,6.24,-1.45,0.0,-17.31,0.0,817.55,204.94,636.15,239.97
42831,214.955077,52.916372,0,,29.03,4.38,28.52,5.15,28.68,6.90,27.79,11.67,28.17,9.49,27.53,6.76,27.92,8.98,-1.39,0.21,-17.38,0.18,635.93,147.35,468.82,173.34
43091,214.86965,52.855608,0,,27.57,14.45,27.47,13.01,27.56,13.50,26.48,36.58,27.01,22.80,25.92,29.66,26.23,40.67,-1.56,0.17,-18.71,0.14,967.4,56.07,1239.5,65.51
43098,214.73034,52.754968,1,Confirmed AGN in Taylor+24,27.66,11.88,28.01,7.22,28.30,6.47,27.71,13.01,28.47,5.95,27.30,8.18,27.51,11.40,-2.63,0.17,-18.86,0.14,1025.71,162.09,1733.91,298.03
43119,214.714891,52.74353,0,,50.00,-0.23,28.40,3.80,29.63,1.45,27.77,8.98,28.22,5.59,27.44,5.55,27.97,5.66,-1.81,0.0,-17.95,0.0,623.87,190.11,708.81,254.23
43127,214.805701,52.809331,0,,29.73,1.56,29.07,2.38,28.77,3.53,27.68,10.72,28.35,5.35,27.35,6.73,28.19,5.33,-1.35,0.0,-17.13,0.0,1173.78,210.68,919.53,241.24
43128,214.805653,52.809497,1,,26.93,24.36,26.92,20.31,26.78,26.29,25.73,66.67,25.86,56.40,25.16,55.73,25.75,59.60,-1.09,0.24,-19.12,0.2,517.0,24.01,624.87,23.83
43441,214.907758,52.884017,0,,27.72,12.61,27.99,7.49,27.56,17.99,26.98,23.68,27.35,19.55,26.56,15.07,27.08,17.27,-1.6,0.22,-18.48,0.18,582.42,70.38,699.96,93.12
43946,214.891881,52.874048,1,,27.82,11.28,27.83,8.17,28.12,10.15,27.05,20.13,28.04,10.22,26.97,9.69,27.54,10.70,-2.2,0.14,-18.67,0.12,1664.58,136.55,1340.17,210.89
44464,214.829827,52.830767,1,,28.31,7.53,28.40,5.86,28.47,6.38,27.50,15.44,27.74,11.33,26.17,23.73,26.72,27.68,-1.5,0.28,-17.84,0.23,602.71,109.26,2470.98,133.74
44778,214.853085,52.848273,0,,29.28,2.95,28.86,3.63,28.01,8.67,27.59,11.72,28.21,6.34,27.29,7.16,27.99,8.13,-1.46,0.75,-17.58,0.72,771.54,158.26,647.11,188.65
45010,214.758972,52.780934,0,,25.97,42.57,25.95,35.94,25.82,44.87,25.09,77.02,25.38,56.61,24.77,51.88,25.03,83.98,-1.5,0.1,-20.28,0.08,536.86,21.04,499.06,23.17
45355,214.868873,52.861428,0,,28.96,4.70,50.00,-0.33,29.54,2.66,28.40,8.76,28.67,6.08,27.83,6.58,28.27,7.53,-1.77,0.0,-17.44,0.0,374.71,166.47,773.8,224.48
45505,214.883564,52.872489,0,,28.72,7.95,29.62,2.75,28.94,6.91,27.81,18.66,28.73,8.34,27.61,9.96,27.92,13.19,-2.0,0.21,-17.67,0.19,1611.4,144.45,1395.24,210.7
45775,214.849292,52.848478,0,,27.96,10.31,28.08,7.69,28.17,8.08,26.85,26.18,28.00,9.24,26.77,13.43,27.35,15.05,-2.01,0.12,-18.42,0.1,2207.67,125.72,1611.45,172.41
45940,214.823454,52.830275,1,Confirmed AGN in Kocevski+24,26.71,29.77,26.69,25.48,26.61,31.94,25.44,82.59,25.81,60.19,24.51,90.49,24.98,123.02,-1.24,0.22,-19.4,0.18,844.0,23.34,1625.65,25.74
45942,214.765765,52.788624,0,,28.42,7.44,28.65,4.89,28.44,7.02,27.56,11.75,28.19,7.77,27.14,9.92,27.62,12.72,-1.74,0.18,-17.83,0.15,1048.28,181.49,1185.9,190.39
46442,214.845972,52.848039,0,,28.32,7.97,27.75,10.68,27.78,12.08,27.09,23.58,27.71,10.96,26.98,12.21,27.55,12.83,-1.61,0.27,-18.26,0.22,810.44,80.33,493.84,98.06
46649,214.909233,52.894212,0,,27.54,15.43,27.54,11.56,27.61,18.06,27.04,19.92,27.59,15.32,26.85,11.61,27.36,13.64,-2.04,0.04,-18.93,0.03,720.26,90.56,710.13,121.77
47219,214.818025,52.829869,0,,28.39,7.70,28.47,5.88,28.85,4.83,28.26,8.96,28.74,5.36,27.78,6.59,28.31,6.80,-2.31,0.19,-18.1,0.16,645.84,192.99,1219.28,291.62
47456,214.871314,52.868788,0,,28.70,5.65,28.56,5.40,29.23,4.64,28.23,9.77,28.37,7.88,27.70,7.09,28.59,5.25,-1.8,0.48,-17.59,0.4,456.53,157.68,826.37,215.62
48038,214.810652,52.82629,0,,28.28,7.02,28.17,6.50,28.78,4.35,27.86,10.30,28.07,8.40,27.44,7.50,27.78,9.28,-1.89,0.42,-18.05,0.35,498.86,153.6,760.25,195.05
48526,214.731502,52.769999,1,,26.40,36.40,26.53,27.41,26.48,33.11,25.76,60.44,26.70,25.92,25.67,30.84,26.22,36.37,-2.22,0.06,-20.11,0.05,1355.68,40.37,1131.71,59.5
48702,214.902014,52.893437,0,,25.94,61.42,25.65,62.79,25.33,107.48,24.61,128.12,24.79,122.66,24.17,105.41,24.41,197.65,-1.06,0.04,-20.28,0.03,396.8,11.56,371.49,10.2
48704,214.90247,52.893281,0,,27.37,21.56,27.47,15.78,27.25,27.29,26.64,40.20,27.41,21.71,26.63,18.90,27.00,24.16,-2.0,0.12,-19.09,0.1,1048.7,53.05,695.21,73.97
48705,214.902966,52.893812,0,,28.30,8.95,29.16,3.22,28.63,7.72,27.70,15.18,28.60,7.04,27.51,8.31,28.10,8.56,-2.03,0.48,-17.81,0.4,1602.37,176.91,1396.11,252.6
49456,214.751642,52.786515,0,,27.89,10.09,27.83,8.96,27.80,10.43,26.68,29.66,27.34,15.67,26.67,14.14,27.10,17.49,-1.55,0.11,-18.39,0.1,1196.6,76.88,586.2,91.21
49599,214.993395,52.961002,0,,28.56,4.98,28.31,5.22,28.27,6.66,27.75,11.19,28.12,7.30,27.48,6.88,28.13,6.20,-1.68,0.09,-17.89,0.08,494.59,141.03,476.33,171.42
49608,215.010973,52.973521,0,,27.77,8.90,28.11,5.68,28.20,6.61,27.74,11.40,27.99,8.44,27.26,7.19,27.58,9.22,-2.12,0.24,-18.54,0.2,397.3,129.91,856.82,216.85
49961,214.985672,52.95623,1,,27.51,15.23,27.72,10.77,27.53,15.23,26.15,50.29,26.79,27.84,25.47,43.98,25.80,63.01,-1.33,0.29,-18.55,0.24,1379.29,48.98,1726.99,55.25
50038,214.92677,52.914044,1,,27.11,18.38,27.24,13.89,26.94,32.61,25.71,65.74,26.75,29.24,25.69,32.54,26.18,36.85,-1.64,0.13,-19.17,0.11,1945.65,46.08,1086.71,55.01
50222,214.900454,52.895608,1,,28.74,6.63,29.71,2.25,29.61,4.44,28.99,5.59,29.12,4.82,27.84,7.81,28.82,5.13,-2.3,0.64,-17.57,0.59,338.01,254.33,2224.92,374.69
50530,215.019367,52.981485,1,,28.54,4.67,28.62,3.74,28.33,6.25,27.88,9.94,28.48,5.64,27.75,5.18,28.36,4.75,-1.91,0.15,-17.9,0.13,740.7,183.65,594.29,250.46
50703,214.840238,52.853102,1,,27.71,11.92,27.61,10.88,27.73,11.34,27.12,20.95,27.99,9.15,26.74,14.00,27.33,14.02,-2.27,0.11,-18.92,0.09,1130.84,105.71,1521.62,158.95
50721,214.746703,52.785469,0,,27.76,9.80,27.72,9.05,27.65,11.05,27.17,18.21,27.67,10.82,26.88,11.12,27.28,13.60,-1.92,0.04,-18.7,0.03,625.59,93.89,707.81,126.9
51403,214.985722,52.959085,0,,28.97,3.04,27.98,6.33,29.17,2.64,28.25,6.30,28.83,3.58,27.51,6.02,28.63,3.48,-2.14,0.82,-17.98,0.7,506.21,252.34,1428.57,353.91
51746,214.872,52.878193,0,,28.60,4.88,28.46,4.62,29.33,3.08,28.48,6.73,28.73,5.03,27.93,5.14,28.48,4.53,-2.21,0.49,-17.85,0.41,494.05,234.36,1099.12,350.86
52249,214.978585,52.955804,0,,26.80,20.33,26.71,18.64,26.76,21.40,26.02,37.32,26.73,20.67,25.97,19.66,26.36,25.78,-1.96,0.05,-19.68,0.04,997.02,55.75,696.41,71.18
52409,214.982676,52.958953,0,,26.38,24.79,26.22,24.25,26.38,25.15,25.45,51.24,26.26,24.51,25.42,25.75,25.85,34.02,-1.95,0.11,-20.11,0.09,1250.29,45.55,830.44,59.56
52410,214.982497,52.95892,0,,26.49,19.48,26.34,18.58,26.45,20.16,25.63,40.08,26.05,25.37,25.43,22.90,25.82,30.10,-1.67,0.13,-19.87,0.1,687.47,44.19,542.0,54.39
52420,215.009059,52.978114,0,,28.91,3.75,28.65,4.09,28.71,4.94,28.24,7.84,29.09,3.36,27.70,5.82,28.29,5.69,-2.21,0.23,-17.79,0.19,992.51,264.85,1670.03,407.76
52626,214.981681,52.959054,0,,26.65,30.15,26.74,23.67,26.72,28.60,25.90,57.18,26.66,28.13,25.81,29.96,26.20,38.83,-1.99,0.06,-19.76,0.05,1162.09,39.28,860.87,52.2
52811,214.811624,52.83668,1,,28.96,3.09,27.89,6.63,28.28,5.45,26.92,19.62,27.12,14.87,26.47,14.09,26.98,15.27,-0.7,0.48,-17.36,0.4,598.92,85.79,398.31,78.17
53050,214.979072,52.958326,0,,28.48,6.84,28.87,4.05,29.25,3.51,28.66,6.13,28.88,4.55,27.80,6.32,28.36,6.47,-2.29,0.37,-17.82,0.31,428.97,246.63,1670.13,375.73
53687,214.977946,52.958959,1,,27.39,14.92,27.15,15.84,27.36,15.24,26.49,33.42,27.18,17.43,26.46,16.61,26.82,21.45,-1.89,0.15,-19.11,0.12,1024.95,63.09,664.44,82.35
53760,215.012203,52.983856,0,,27.36,14.02,27.47,10.75,27.45,13.94,26.72,27.92,27.51,12.80,26.51,15.48,26.89,18.33,-2.1,0.05,-19.1,0.04,1138.32,79.59,1103.64,116.71
53774,214.971321,52.954492,0,,27.69,10.89,28.30,5.28,28.34,6.06,27.25,16.08,27.58,11.22,26.97,9.62,27.40,12.13,-1.78,0.52,-18.31,0.43,830.56,119.09,802.65,156.5
54366,215.024716,52.994342,1,,27.69,10.77,28.24,5.64,27.93,9.58,26.59,32.20,27.73,12.11,26.64,14.83,26.87,19.93,-1.89,0.33,-18.48,0.28,2333.45,106.13,1353.88,138.75
54469,214.839653,52.861695,0,,28.87,3.94,30.82,0.55,28.61,4.87,27.44,14.04,28.90,3.95,27.16,9.34,27.73,9.39,-2.03,0.26,-17.69,0.24,2714.83,270.65,2532.1,346.45
54471,214.962018,52.949607,0,,28.35,5.62,28.77,3.31,28.06,7.77,27.40,14.99,28.05,8.06,27.32,7.71,27.76,8.36,-1.6,0.36,-17.84,0.3,986.32,138.13,565.27,164.53
54763,214.77356,52.814687,0,,28.19,7.94,28.50,4.99,28.29,6.61,27.71,13.53,28.41,6.60,27.62,7.01,27.86,8.95,-2.1,0.17,-18.2,0.14,954.95,150.66,786.35,212.57
54796,214.792597,52.828565,0,,29.37,2.93,30.00,1.37,29.09,3.45,28.33,7.28,28.87,4.17,27.91,5.10,28.63,4.83,-1.66,0.0,-17.08,0.0,810.22,260.29,929.19,320.05
55156,214.919773,52.921102,0,,27.46,7.58,27.87,4.48,27.36,11.93,26.96,13.15,28.09,4.42,26.88,6.33,27.26,7.87,-2.41,0.36,-19.1,0.3,1513.31,197.48,1361.25,326.19
55284,215.004248,52.981987,0,,29.58,1.66,28.99,2.64,28.38,5.88,27.92,9.25,28.10,7.29,27.48,6.50,27.83,7.63,-1.56,0.0,-17.7,0.0,296.22,149.22,467.94,180.22
56045,215.000624,52.98103,0,,28.35,6.18,29.99,1.08,28.54,5.77,28.02,9.62,28.63,5.12,27.61,6.36,28.59,3.90,-2.23,0.05,-18.15,0.05,780.24,193.7,1191.53,298.08
56669,214.972026,52.962481,0,,25.93,40.59,25.97,33.38,25.98,38.86,25.29,64.27,25.88,37.58,25.27,33.69,25.46,53.34,-1.95,0.05,-20.48,0.04,835.23,29.86,551.18,37.24
57125,215.0133,52.993244,0,,25.86,35.37,25.82,20.68,25.86,24.03,24.97,88.57,25.42,59.30,24.80,51.96,25.13,39.18,-1.64,0.13,-20.44,0.11,771.33,20.95,556.58,24.25
57270,215.012777,52.993336,1,,26.94,20.63,26.78,13.89,26.79,15.80,25.28,95.39,26.28,42.46,25.13,57.08,25.68,38.16,-1.47,0.11,-19.35,0.09,2037.24,32.72,1266.75,34.51
57678,215.016949,52.99734,0,,28.02,7.27,28.35,4.69,28.75,4.14,27.94,9.91,28.04,8.53,27.21,8.58,27.96,6.72,-1.98,0.46,-18.16,0.38,399.94,149.76,1166.35,217.92
57723,214.959243,52.95617,0,,29.33,2.60,28.47,4.87,29.29,2.81,28.51,5.97,28.90,3.85,27.43,7.29,28.22,6.15,-2.46,0.0,-18.25,0.0,354.19,241.07,2182.29,395.86
57788,214.965775,52.960456,0,,27.13,14.36,27.10,12.63,27.28,12.69,26.29,28.24,27.01,13.57,25.70,23.55,26.30,26.17,-1.92,0.14,-19.27,0.12,1180.33,80.19,1769.77,105.02
58324,214.821269,52.858434,0,,28.11,7.21,28.46,4.37,28.20,6.59,27.65,11.22,28.34,5.73,27.52,5.95,27.93,7.15,-2.1,0.2,-18.26,0.17,945.11,180.92,816.03,255.25
58703,214.919622,52.930119,1,,27.83,3.79,50.00,-1.98,28.07,8.04,27.58,11.80,28.51,4.84,27.67,5.18,28.11,2.99,-2.56,0.08,-18.81,0.08,1186.96,192.43,910.72,311.28
59332,214.972511,52.969697,0,,50.00,1.00,27.27,5.71,26.68,16.84,25.88,54.49,26.71,27.30,25.89,28.20,26.29,14.05,-1.5,0.48,-19.09,0.46,1266.04,43.13,587.11,45.75
59857,214.994791,52.987147,0,,27.22,18.94,27.80,9.44,27.86,10.86,27.33,17.72,28.23,7.69,27.30,8.69,27.73,9.98,-2.74,0.21,-19.28,0.18,1233.99,130.82,1247.8,224.5
60425,214.792199,52.842888,1,,28.22,7.39,28.74,3.87,28.28,6.58,27.39,17.24,27.77,12.07,26.94,11.07,27.72,9.88,-1.47,0.38,-17.79,0.32,787.15,108.51,861.53,141.39
60426,214.936708,52.946917,0,,28.42,8.16,29.50,2.57,28.70,6.65,27.78,15.65,28.25,9.60,27.31,11.29,27.96,10.60,-1.85,0.34,-17.88,0.31,812.06,121.17,1104.85,160.2
60508,214.864605,52.895316,0,,28.96,3.64,28.23,5.86,28.50,5.47,27.74,9.68,28.25,6.49,27.64,5.34,27.96,7.54,-1.58,0.34,-17.64,0.29,685.87,182.81,398.9,206.25
60568,214.936533,52.947109,0,,27.69,15.13,28.50,6.08,27.79,13.66,26.99,31.24,27.79,14.05,26.95,15.67,27.36,17.47,-1.85,0.5,-18.4,0.41,1345.5,77.76,869.85,100.4
60948,214.956312,52.962283,0,,29.74,1.72,28.48,4.62,28.75,4.43,27.96,8.93,28.75,4.09,27.74,5.43,28.24,5.74,-2.24,0.23,-18.04,0.22,1131.91,248.15,1205.98,351.36
62159,214.923345,52.941783,0,,28.50,6.41,29.11,3.16,29.36,4.36,27.80,14.77,28.64,6.62,27.78,6.96,28.22,7.19,-2.01,0.54,-17.57,0.45,1935.12,204.35,1304.5,288.55
62701,214.926882,52.945736,0,,27.96,8.62,27.81,8.39,27.76,15.28,26.83,28.36,27.51,14.96,26.69,14.41,27.07,16.61,-1.65,0.03,-18.43,0.03,1083.58,76.43,738.61,100.04
62989,214.936862,52.953666,0,,28.09,8.04,28.18,6.17,28.51,5.67,27.81,11.75,28.32,7.19,27.53,6.66,28.77,3.58,-2.2,0.2,-18.35,0.17,732.6,154.57,920.44,243.89
63638,214.929529,52.950139,0,,28.52,6.72,28.63,5.10,28.56,7.06,27.60,13.73,28.81,5.09,27.51,8.41,27.92,9.76,-2.22,0.08,-18.01,0.07,2030.24,226.82,1637.49,278.44
63676,214.945968,52.962037,0,,27.96,9.91,28.37,5.78,28.10,9.18,27.27,18.58,28.11,8.72,26.99,12.07,27.46,13.40,-2.02,0.23,-18.34,0.19,1358.26,131.46,1358.62,170.84
63848,214.944176,52.961211,0,,29.18,2.57,28.48,4.13,28.62,4.47,28.00,7.99,28.79,3.58,27.03,8.70,28.12,5.76,-2.33,0.04,-18.15,0.04,1062.24,268.52,3050.29,431.58
64078,214.850111,52.894194,0,,28.66,5.21,30.35,0.93,28.86,4.51,28.37,7.04,28.80,4.57,27.85,5.45,28.36,5.84,-2.11,0.13,-17.79,0.12,554.85,232.63,1087.74,328.76
64291,214.943455,52.961804,0,,28.34,4.83,28.41,3.81,28.84,3.19,27.72,8.79,28.32,4.95,27.39,5.62,28.96,2.29,-2.0,0.33,-17.99,0.28,1092.55,247.67,1206.42,339.64
64379,214.853825,52.89757,1,,27.28,17.69,27.36,13.75,27.36,16.71,26.78,28.20,27.03,21.03,26.22,21.64,26.72,24.58,-1.77,0.13,-19.03,0.11,420.84,53.36,829.49,70.83
64493,215.005688,53.006921,0,,27.61,10.80,27.72,8.55,28.54,5.16,28.01,9.54,28.23,7.48,27.58,6.41,28.16,5.70,-2.56,0.43,-18.89,0.36,349.77,150.28,941.76,256.62
64879,214.871694,52.911819,0,,28.26,7.00,28.02,7.29,28.35,6.73,27.27,18.82,27.92,9.29,27.15,10.28,27.41,12.87,-1.79,0.23,-18.16,0.19,1098.31,115.97,784.53,144.66
65038,214.87553,52.914951,0,,27.72,11.19,27.84,8.55,27.84,10.39,26.84,26.81,28.16,8.18,26.81,12.31,27.52,11.44,-2.35,0.06,-18.85,0.05,2266.1,124.97,1790.25,202.52
65697,214.862636,52.907334,0,,28.59,4.46,28.70,3.42,28.79,3.89,27.53,12.68,27.69,10.05,27.06,8.82,27.77,8.07,-1.22,0.41,-17.4,0.34,655.65,137.21,661.89,154.75
65877,215.010833,53.013334,0,,25.73,38.85,25.60,37.67,25.42,52.05,24.46,112.65,25.12,69.67,24.31,68.18,24.74,83.70,-1.49,0.02,-20.59,0.01,1075.16,19.17,676.18,20.23
66570,214.932013,52.958949,1,,25.88,47.16,25.93,38.81,25.85,49.43,24.77,112.31,25.18,78.64,24.37,82.19,24.87,103.53,-1.39,0.21,-20.27,0.17,863.33,17.34,798.01,18.27
66704,215.004062,53.011393,0,,28.28,5.96,28.13,5.91,29.22,2.76,27.68,12.72,28.15,7.76,27.48,7.07,27.81,7.91,-1.93,0.11,-18.22,0.09,579.25,130.77,562.03,179.01
67037,214.977711,52.991758,0,,26.47,24.37,26.92,13.92,26.79,18.72,25.70,48.33,26.52,23.58,25.40,30.31,25.85,37.22,-1.94,0.29,-19.74,0.24,1508.2,53.63,1478.01,71.96
67209,214.984855,52.998889,0,,28.73,5.33,29.19,2.86,29.26,3.47,27.74,14.21,28.90,4.58,27.60,7.43,28.42,5.85,-2.13,0.42,-17.62,0.39,2429.74,247.3,2007.89,364.85
67513,214.776005,52.849432,0,,29.59,2.23,29.09,2.98,29.02,3.61,28.09,9.17,28.83,4.33,27.48,7.64,28.01,8.03,-1.69,0.0,-17.17,0.0,1174.77,246.35,1631.73,305.69
67572,214.771739,52.846478,0,,28.33,6.76,28.41,4.42,28.01,8.61,27.48,14.65,28.24,7.06,27.36,7.74,27.98,6.59,-1.88,0.21,-18.12,0.18,983.63,141.12,747.29,187.51
67630,214.829952,52.888751,1,,28.13,8.64,28.77,4.06,28.28,7.16,27.68,14.48,28.19,8.64,27.37,8.75,28.18,6.98,-1.88,0.38,-18.02,0.32,795.25,129.79,866.2,179.43
68092,214.86481,52.915102,0,,28.80,4.08,28.61,4.10,28.80,4.27,28.34,6.86,28.50,5.71,27.88,5.09,29.37,2.03,-1.8,0.14,-17.63,0.12,256.14,195.41,549.31,246.1
68095,214.997583,53.01042,0,,28.98,3.63,29.27,2.42,29.32,2.95,28.11,10.02,29.24,3.37,27.81,6.06,28.53,4.80,-2.21,0.0,-17.54,0.0,1889.23,296.61,2006.7,447.19
68186,214.935251,52.966034,0,,29.15,2.88,28.21,5.77,28.79,4.23,28.22,7.50,28.32,6.32,27.42,7.17,27.77,8.61,-1.99,0.65,-18.01,0.62,240.22,176.55,1086.01,249.44
68201,214.948505,52.975477,0,,26.68,21.12,27.30,10.13,26.83,19.43,26.27,32.62,26.52,24.47,25.88,22.57,26.38,23.69,-1.69,0.4,-19.39,0.33,497.05,48.47,630.04,59.07
68462,214.894538,52.937584,1,,28.65,5.59,28.56,5.23,28.29,8.03,27.66,15.08,28.59,6.16,27.52,7.60,27.88,9.80,-1.95,0.21,-17.9,0.18,1259.22,155.4,999.81,223.95
68601,214.895092,52.938327,1,,27.42,12.80,27.28,12.59,27.29,14.70,26.46,32.51,27.38,13.74,26.39,15.42,27.14,14.36,-2.0,0.09,-19.11,0.08,1350.85,74.89,979.56,109.1
68800,214.81924,52.884222,0,,27.52,13.81,27.68,10.03,27.60,11.96,26.74,30.68,27.48,15.33,26.49,14.31,27.07,17.45,-1.92,0.1,-18.83,0.09,1163.74,73.25,1084.31,124.93
69250,214.858335,52.913775,0,,28.61,5.57,30.30,0.99,28.72,5.39,27.91,11.79,28.68,5.69,27.87,5.83,28.20,6.84,-2.06,0.07,-17.85,0.06,1147.2,189.21,825.01,261.95
69358,214.903174,52.946263,0,,27.56,11.49,27.51,10.22,27.15,17.48,26.08,46.27,26.60,30.27,25.96,25.75,26.13,36.18,-1.17,0.1,-18.6,0.09,978.18,44.56,453.04,44.91
69404,214.884421,52.93294,1,,29.65,2.10,30.27,1.01,28.78,4.73,28.33,7.80,28.74,5.06,27.71,6.02,28.72,4.19,-1.93,0.0,-17.62,0.0,521.37,205.79,1088.53,297.72
70160,214.813723,52.884637,0,,26.39,28.64,26.26,22.18,26.18,32.96,25.60,57.14,25.78,46.87,25.18,39.34,25.48,45.70,-1.51,0.05,-19.92,0.05,341.34,24.94,468.3,29.78